2026-03-27T09:50:47.221162,Temperature_3_000008ac6b12,13.125
2026-03-27T09:50:48.662816,Temperature_1_000008abfdaf,11.75
2026-03-27T09:50:49.323029,Temperature_2_000008ae137d,11.5
2026-03-27T09:50:49.746823,Temperature_3_000008ac6b12,13.125
2026-03-27T09:50:51.187617,Temperature_1_000008abfdaf,11.75
2026-03-27T09:50:51.425673,Temperature_2_000008ae137d,11.5
2026-03-27T09:50:51.880173,Temperature_3_000008ac6b12,13.125
2026-03-27T09:50:53.300260,Temperature_1_000008abfdaf,11.75
2026-03-27T09:50:53.531336,Temperature_2_000008ae137d,11.5
2026-03-27T09:50:53.970790,Temperature_3_000008ac6b12,13.125
2026-03-27T09:50:55.410815,Temperature_1_000008abfdaf,11.75
2026-03-27T09:50:56.066958,Temperature_2_000008ae137d,11.5
2026-03-27T09:50:56.498986,Temperature_3_000008ac6b12,13.125
2026-03-27T09:50:57.939829,Temperature_1_000008abfdaf,11.75
2026-03-27T09:50:58.166707,Temperature_2_000008ae137d,11.5
2026-03-27T09:50:58.587719,Temperature_3_000008ac6b12,13.125
2026-03-27T09:51:00.019064,Temperature_1_000008abfdaf,11.75
2026-03-27T09:51:00.287281,Temperature_2_000008ae137d,11.5
2026-03-27T09:51:00.722609,Temperature_3_000008ac6b12,13.125
2026-03-27T09:51:02.162621,Temperature_1_000008abfdaf,11.75
2026-03-27T09:51:02.431775,Temperature_2_000008ae137d,11.5
2026-03-27T09:51:02.898873,Temperature_3_000008ac6b12,13.125
2026-03-27T09:51:04.338688,Temperature_1_000008abfdaf,11.75
2026-03-27T09:51:04.566596,Temperature_2_000008ae137d,11.5
2026-03-27T09:51:04.978640,Temperature_3_000008ac6b12,13.25
2026-03-27T09:51:06.418646,Temperature_1_000008abfdaf,11.75
2026-03-27T09:51:06.646627,Temperature_2_000008ae137d,11.5
2026-03-27T09:51:07.058597,Temperature_3_000008ac6b12,13.25
2026-03-27T09:51:08.498687,Temperature_1_000008abfdaf,11.75
2026-03-27T09:51:08.731604,Temperature_2_000008ae137d,11.5
2026-03-27T09:51:09.170602,Temperature_3_000008ac6b12,13.25
2026-03-27T09:51:10.610591,Temperature_1_000008abfdaf,11.75
2026-03-27T09:51:10.839060,Temperature_2_000008ae137d,11.5
2026-03-27T09:51:11.250591,Temperature_3_000008ac6b12,13.25
2026-03-27T09:51:12.694666,Temperature_1_000008abfdaf,11.75
2026-03-27T09:51:12.954595,Temperature_2_000008ae137d,11.5
2026-03-27T09:51:13.426591,Temperature_3_000008ac6b12,13.25
2026-03-27T09:51:14.886747,Temperature_1_000008abfdaf,11.75
2026-03-27T09:51:15.136424,Temperature_2_000008ae137d,11.5
2026-03-27T09:51:15.570612,Temperature_3_000008ac6b12,13.25
2026-03-27T09:51:17.012007,Temperature_1_000008abfdaf,11.75
2026-03-27T09:51:17.244876,Temperature_2_000008ae137d,11.5
2026-03-27T09:51:17.682608,Temperature_3_000008ac6b12,13.25
2026-03-27T09:51:19.122589,Temperature_1_000008abfdaf,11.75
2026-03-27T09:51:19.350770,Temperature_2_000008ae137d,11.5
2026-03-27T09:51:19.762604,Temperature_3_000008ac6b12,13.25
2026-03-27T09:51:21.202621,Temperature_1_000008abfdaf,11.75
2026-03-27T09:51:21.430596,Temperature_2_000008ae137d,11.5
2026-03-27T09:51:21.843132,Temperature_3_000008ac6b12,13.25
2026-03-27T09:51:23.282984,Temperature_1_000008abfdaf,11.75
2026-03-27T09:51:23.543128,Temperature_2_000008ae137d,11.5
2026-03-27T09:51:24.018974,Temperature_3_000008ac6b12,13.25
2026-03-27T09:51:25.458843,Temperature_1_000008abfdaf,11.75
2026-03-27T09:51:25.687063,Temperature_2_000008ae137d,11.5
2026-03-27T09:51:26.099065,Temperature_3_000008ac6b12,13.25
2026-03-27T09:51:27.539048,Temperature_1_000008abfdaf,11.75
2026-03-27T09:51:27.766984,Temperature_2_000008ae137d,11.5
2026-03-27T09:51:28.199820,Temperature_3_000008ac6b12,13.25
2026-03-27T09:51:29.619055,Temperature_1_000008abfdaf,11.75
2026-03-27T09:51:29.847052,Temperature_2_000008ae137d,11.5
2026-03-27T09:51:30.258860,Temperature_3_000008ac6b12,13.25
2026-03-27T09:51:31.698838,Temperature_1_000008abfdaf,11.75
2026-03-27T09:51:31.926596,Temperature_2_000008ae137d,11.5
2026-03-27T09:51:32.414810,Temperature_3_000008ac6b12,13.25
2026-03-27T09:51:33.842609,Temperature_1_000008abfdaf,11.75
2026-03-27T09:51:34.115243,Temperature_2_000008ae137d,11.5
2026-03-27T09:51:34.547166,Temperature_3_000008ac6b12,13.25
2026-03-27T09:51:36.012080,Temperature_1_000008abfdaf,11.75
2026-03-27T09:51:36.238827,Temperature_2_000008ae137d,11.5
2026-03-27T09:51:36.659010,Temperature_3_000008ac6b12,13.25
2026-03-27T09:51:38.098592,Temperature_1_000008abfdaf,11.75
2026-03-27T09:51:38.326837,Temperature_2_000008ae137d,11.5
2026-03-27T09:51:38.739510,Temperature_3_000008ac6b12,13.25
2026-03-27T09:51:40.178627,Temperature_1_000008abfdaf,11.75
2026-03-27T09:51:40.406594,Temperature_2_000008ae137d,11.5
2026-03-27T09:51:40.850589,Temperature_3_000008ac6b12,13.25
2026-03-27T09:51:42.290621,Temperature_1_000008abfdaf,11.75
2026-03-27T09:51:42.518591,Temperature_2_000008ae137d,11.5
2026-03-27T09:51:42.931263,Temperature_3_000008ac6b12,13.25
2026-03-27T09:51:44.371559,Temperature_1_000008abfdaf,11.75
2026-03-27T09:51:44.618982,Temperature_2_000008ae137d,11.5
2026-03-27T09:51:45.075136,Temperature_3_000008ac6b12,13.25
2026-03-27T09:51:46.514597,Temperature_1_000008abfdaf,11.75
2026-03-27T09:51:46.742612,Temperature_2_000008ae137d,11.5
2026-03-27T09:51:47.154746,Temperature_3_000008ac6b12,13.25
2026-03-27T09:51:48.594599,Temperature_1_000008abfdaf,11.75
2026-03-27T09:51:48.822598,Temperature_2_000008ae137d,11.5
2026-03-27T09:51:49.234596,Temperature_3_000008ac6b12,13.25
2026-03-27T09:51:50.674765,Temperature_1_000008abfdaf,11.75
2026-03-27T09:51:50.903402,Temperature_2_000008ae137d,11.5
2026-03-27T09:51:51.318656,Temperature_3_000008ac6b12,13.25
2026-03-27T09:51:52.754786,Temperature_1_000008abfdaf,11.75
2026-03-27T09:51:52.982588,Temperature_2_000008ae137d,11.5
2026-03-27T09:51:53.394594,Temperature_3_000008ac6b12,13.25
2026-03-27T09:51:54.836000,Temperature_1_000008abfdaf,11.75
2026-03-27T09:51:55.071839,Temperature_2_000008ae137d,11.5
2026-03-27T09:51:55.562901,Temperature_3_000008ac6b12,13.25
2026-03-27T09:51:56.979026,Temperature_1_000008abfdaf,11.75
2026-03-27T09:51:57.206945,Temperature_2_000008ae137d,11.5
2026-03-27T09:51:57.651166,Temperature_3_000008ac6b12,13.25
2026-03-27T09:51:59.090628,Temperature_1_000008abfdaf,11.75
2026-03-27T09:51:59.319137,Temperature_2_000008ae137d,11.5
2026-03-27T09:51:59.730691,Temperature_3_000008ac6b12,13.25
2026-03-27T09:52:01.174628,Temperature_1_000008abfdaf,11.75
2026-03-27T09:52:01.406590,Temperature_2_000008ae137d,11.5
2026-03-27T09:52:01.842765,Temperature_3_000008ac6b12,13.25
2026-03-27T09:52:03.283011,Temperature_1_000008abfdaf,11.75
2026-03-27T09:52:03.510604,Temperature_2_000008ae137d,11.5
2026-03-27T09:52:03.922593,Temperature_3_000008ac6b12,13.25
2026-03-27T09:52:05.362628,Temperature_1_000008abfdaf,11.75
2026-03-27T09:52:05.590599,Temperature_2_000008ae137d,11.5
2026-03-27T09:52:06.002597,Temperature_3_000008ac6b12,13.25
2026-03-27T09:52:07.442861,Temperature_1_000008abfdaf,11.75
2026-03-27T09:52:07.670606,Temperature_2_000008ae137d,11.5
2026-03-27T09:52:08.082605,Temperature_3_000008ac6b12,13.25
2026-03-27T09:52:09.522590,Temperature_1_000008abfdaf,11.75
2026-03-27T09:52:09.750601,Temperature_2_000008ae137d,11.5
2026-03-27T09:52:10.200082,Temperature_3_000008ac6b12,13.25
2026-03-27T09:52:11.634721,Temperature_1_000008abfdaf,11.75
2026-03-27T09:52:11.862595,Temperature_2_000008ae137d,11.5
2026-03-27T09:52:12.274811,Temperature_3_000008ac6b12,13.25
2026-03-27T09:52:13.714596,Temperature_1_000008abfdaf,11.75
2026-03-27T09:52:13.942595,Temperature_2_000008ae137d,11.5
2026-03-27T09:52:14.355057,Temperature_3_000008ac6b12,13.25
2026-03-27T09:52:15.802670,Temperature_1_000008abfdaf,11.75
2026-03-27T09:52:16.032403,Temperature_2_000008ae137d,11.5
2026-03-27T09:52:17.106605,Temperature_3_000008ac6b12,13.25
2026-03-27T09:52:18.546677,Temperature_1_000008abfdaf,11.75
2026-03-27T09:52:18.774667,Temperature_2_000008ae137d,11.5
2026-03-27T09:52:19.195575,Temperature_3_000008ac6b12,13.25
2026-03-27T09:52:20.652885,Temperature_1_000008abfdaf,11.75
2026-03-27T09:52:20.939066,Temperature_2_000008ae137d,11.5
2026-03-27T09:52:21.402908,Temperature_3_000008ac6b12,13.25
2026-03-27T09:52:22.838690,Temperature_1_000008abfdaf,11.75
2026-03-27T09:52:23.082864,Temperature_2_000008ae137d,11.5
2026-03-27T09:52:23.506667,Temperature_3_000008ac6b12,13.25
2026-03-27T09:52:24.946606,Temperature_1_000008abfdaf,11.75
2026-03-27T09:52:25.174595,Temperature_2_000008ae137d,11.5
2026-03-27T09:52:25.586809,Temperature_3_000008ac6b12,13.25
2026-03-27T09:52:27.027229,Temperature_1_000008abfdaf,11.75
2026-03-27T09:52:27.298680,Temperature_2_000008ae137d,11.5
2026-03-27T09:52:27.730595,Temperature_3_000008ac6b12,13.25
2026-03-27T09:52:29.171017,Temperature_1_000008abfdaf,11.75
2026-03-27T09:52:29.402651,Temperature_2_000008ae137d,11.5
2026-03-27T09:52:29.842598,Temperature_3_000008ac6b12,13.25
2026-03-27T09:52:31.283897,Temperature_1_000008abfdaf,11.75
2026-03-27T09:52:31.510590,Temperature_2_000008ae137d,11.5
2026-03-27T09:52:31.922584,Temperature_3_000008ac6b12,13.25
2026-03-27T09:52:33.362741,Temperature_1_000008abfdaf,11.75
2026-03-27T09:52:33.590597,Temperature_2_000008ae137d,11.5
2026-03-27T09:52:34.002597,Temperature_3_000008ac6b12,13.25
2026-03-27T09:52:35.442981,Temperature_1_000008abfdaf,11.75
2026-03-27T09:52:35.670839,Temperature_2_000008ae137d,11.5
2026-03-27T09:52:36.082783,Temperature_3_000008ac6b12,13.25
2026-03-27T09:52:37.522592,Temperature_1_000008abfdaf,11.75
2026-03-27T09:52:37.786592,Temperature_2_000008ae137d,11.5
2026-03-27T09:52:38.226691,Temperature_3_000008ac6b12,13.25
2026-03-27T09:52:39.666677,Temperature_1_000008abfdaf,11.75
2026-03-27T09:52:39.894658,Temperature_2_000008ae137d,11.5
2026-03-27T09:52:40.306866,Temperature_3_000008ac6b12,13.25
2026-03-27T09:52:41.771151,Temperature_1_000008abfdaf,11.75
2026-03-27T09:52:41.998960,Temperature_2_000008ae137d,11.5
2026-03-27T09:52:42.419218,Temperature_3_000008ac6b12,13.25
2026-03-27T09:52:43.858720,Temperature_1_000008abfdaf,11.75
2026-03-27T09:52:44.086604,Temperature_2_000008ae137d,11.5
2026-03-27T09:52:44.498606,Temperature_3_000008ac6b12,13.25
2026-03-27T09:52:45.938599,Temperature_1_000008abfdaf,11.75
2026-03-27T09:52:46.166691,Temperature_2_000008ae137d,11.5
2026-03-27T09:52:46.578827,Temperature_3_000008ac6b12,13.25
2026-03-27T09:52:48.039174,Temperature_1_000008abfdaf,11.75
2026-03-27T09:52:48.302615,Temperature_2_000008ae137d,11.5
2026-03-27T09:52:48.722597,Temperature_3_000008ac6b12,13.25
2026-03-27T09:52:50.162596,Temperature_1_000008abfdaf,11.75
2026-03-27T09:52:50.390597,Temperature_2_000008ae137d,11.5
2026-03-27T09:52:50.802665,Temperature_3_000008ac6b12,13.25
2026-03-27T09:52:52.243313,Temperature_1_000008abfdaf,11.75
2026-03-27T09:52:52.478992,Temperature_2_000008ae137d,11.5
2026-03-27T09:52:52.914888,Temperature_3_000008ac6b12,13.25
2026-03-27T09:52:54.355482,Temperature_1_000008abfdaf,11.75
2026-03-27T09:52:54.582967,Temperature_2_000008ae137d,11.5
2026-03-27T09:52:55.026992,Temperature_3_000008ac6b12,13.25
2026-03-27T09:52:56.466678,Temperature_1_000008abfdaf,11.75
2026-03-27T09:52:56.694601,Temperature_2_000008ae137d,11.5
2026-03-27T09:52:57.106601,Temperature_3_000008ac6b12,13.25
2026-03-27T09:52:58.578595,Temperature_1_000008abfdaf,11.75
2026-03-27T09:52:58.806592,Temperature_2_000008ae137d,11.5
2026-03-27T09:52:59.218595,Temperature_3_000008ac6b12,13.25
2026-03-27T09:53:00.659128,Temperature_1_000008abfdaf,11.875
2026-03-27T09:53:00.891011,Temperature_2_000008ae137d,11.5
2026-03-27T09:53:01.330935,Temperature_3_000008ac6b12,13.25
2026-03-27T09:53:02.770977,Temperature_1_000008abfdaf,11.875
2026-03-27T09:53:02.998889,Temperature_2_000008ae137d,11.5
2026-03-27T09:53:03.415059,Temperature_3_000008ac6b12,13.25
2026-03-27T09:53:04.891502,Temperature_1_000008abfdaf,11.75
2026-03-27T09:53:05.119055,Temperature_2_000008ae137d,11.5
2026-03-27T09:53:05.554628,Temperature_3_000008ac6b12,13.25
2026-03-27T09:53:06.994591,Temperature_1_000008abfdaf,11.75
2026-03-27T09:53:07.218583,Temperature_2_000008ae137d,11.5
2026-03-27T09:53:07.634595,Temperature_3_000008ac6b12,13.25
2026-03-27T09:53:09.074599,Temperature_1_000008abfdaf,11.75
2026-03-27T09:53:09.302599,Temperature_2_000008ae137d,11.5
2026-03-27T09:53:09.714597,Temperature_3_000008ac6b12,13.25
2026-03-27T09:53:11.155056,Temperature_1_000008abfdaf,11.75
2026-03-27T09:53:11.387015,Temperature_2_000008ae137d,11.5
2026-03-27T09:53:11.827134,Temperature_3_000008ac6b12,13.25
2026-03-27T09:53:13.267192,Temperature_1_000008abfdaf,11.75
2026-03-27T09:53:13.498992,Temperature_2_000008ae137d,11.5
2026-03-27T09:53:13.939055,Temperature_3_000008ac6b12,13.25
2026-03-27T09:53:15.379425,Temperature_1_000008abfdaf,11.75
2026-03-27T09:53:15.607053,Temperature_2_000008ae137d,11.5
2026-03-27T09:53:16.019140,Temperature_3_000008ac6b12,13.25
2026-03-27T09:53:17.458992,Temperature_1_000008abfdaf,11.75
2026-03-27T09:53:17.686979,Temperature_2_000008ae137d,11.5
2026-03-27T09:53:18.099189,Temperature_3_000008ac6b12,13.25
2026-03-27T09:53:19.538885,Temperature_1_000008abfdaf,11.75
2026-03-27T09:53:19.767040,Temperature_2_000008ae137d,11.5
2026-03-27T09:53:20.179184,Temperature_3_000008ac6b12,13.25
2026-03-27T09:53:21.618604,Temperature_1_000008abfdaf,11.75
2026-03-27T09:53:21.846658,Temperature_2_000008ae137d,11.5
2026-03-27T09:53:22.258594,Temperature_3_000008ac6b12,13.25
2026-03-27T09:53:23.698593,Temperature_1_000008abfdaf,11.75
2026-03-27T09:53:23.926599,Temperature_2_000008ae137d,11.5
2026-03-27T09:53:24.338632,Temperature_3_000008ac6b12,13.25
2026-03-27T09:53:25.779053,Temperature_1_000008abfdaf,11.75
2026-03-27T09:53:26.007175,Temperature_2_000008ae137d,11.5
2026-03-27T09:53:26.438871,Temperature_3_000008ac6b12,13.25
2026-03-27T09:53:27.859036,Temperature_1_000008abfdaf,11.75
2026-03-27T09:53:28.087071,Temperature_2_000008ae137d,11.5
2026-03-27T09:53:28.498984,Temperature_3_000008ac6b12,13.25
2026-03-27T09:53:29.938983,Temperature_1_000008abfdaf,11.75
2026-03-27T09:53:30.179065,Temperature_2_000008ae137d,11.5
2026-03-27T09:53:30.610599,Temperature_3_000008ac6b12,13.25
2026-03-27T09:53:32.050593,Temperature_1_000008abfdaf,11.75
2026-03-27T09:53:32.278622,Temperature_2_000008ae137d,11.5
2026-03-27T09:53:32.722618,Temperature_3_000008ac6b12,13.25
2026-03-27T09:53:34.162611,Temperature_1_000008abfdaf,11.75
2026-03-27T09:53:34.390600,Temperature_2_000008ae137d,11.5
2026-03-27T09:53:34.834596,Temperature_3_000008ac6b12,13.25
2026-03-27T09:53:36.276537,Temperature_1_000008abfdaf,11.75
2026-03-27T09:53:36.506892,Temperature_2_000008ae137d,11.5
2026-03-27T09:53:36.947063,Temperature_3_000008ac6b12,13.25
2026-03-27T09:53:38.387070,Temperature_1_000008abfdaf,11.75
2026-03-27T09:53:38.614986,Temperature_2_000008ae137d,11.5
2026-03-27T09:53:39.026991,Temperature_3_000008ac6b12,13.25
2026-03-27T09:53:40.466604,Temperature_1_000008abfdaf,11.75
2026-03-27T09:53:40.694630,Temperature_2_000008ae137d,11.5
2026-03-27T09:53:41.106703,Temperature_3_000008ac6b12,13.25
2026-03-27T09:53:42.546594,Temperature_1_000008abfdaf,11.75
2026-03-27T09:53:42.774600,Temperature_2_000008ae137d,11.5
2026-03-27T09:53:43.186596,Temperature_3_000008ac6b12,13.25
2026-03-27T09:53:44.626602,Temperature_1_000008abfdaf,11.75
2026-03-27T09:53:44.854596,Temperature_2_000008ae137d,11.5
2026-03-27T09:53:45.270686,Temperature_3_000008ac6b12,13.25
2026-03-27T09:53:46.707044,Temperature_1_000008abfdaf,11.75
2026-03-27T09:53:46.935513,Temperature_2_000008ae137d,11.5
2026-03-27T09:53:47.347065,Temperature_3_000008ac6b12,13.25
2026-03-27T09:53:48.787043,Temperature_1_000008abfdaf,11.75
2026-03-27T09:53:49.014976,Temperature_2_000008ae137d,11.5
2026-03-27T09:53:49.429177,Temperature_3_000008ac6b12,13.25
2026-03-27T09:53:50.866591,Temperature_1_000008abfdaf,11.75
2026-03-27T09:53:51.098594,Temperature_2_000008ae137d,11.5
2026-03-27T09:53:51.538618,Temperature_3_000008ac6b12,13.25
2026-03-27T09:53:52.978612,Temperature_1_000008abfdaf,11.75
2026-03-27T09:53:53.206602,Temperature_2_000008ae137d,11.5
2026-03-27T09:53:53.618754,Temperature_3_000008ac6b12,13.25
2026-03-27T09:53:55.058590,Temperature_1_000008abfdaf,11.75
2026-03-27T09:53:55.286592,Temperature_2_000008ae137d,11.5
2026-03-27T09:53:55.699048,Temperature_3_000008ac6b12,13.25
2026-03-27T09:53:57.159054,Temperature_1_000008abfdaf,11.75
2026-03-27T09:53:57.386966,Temperature_2_000008ae137d,11.5
2026-03-27T09:53:57.811088,Temperature_3_000008ac6b12,13.25
2026-03-27T09:53:59.251114,Temperature_1_000008abfdaf,11.75
2026-03-27T09:53:59.487022,Temperature_2_000008ae137d,11.5
2026-03-27T09:53:59.923064,Temperature_3_000008ac6b12,13.25
2026-03-27T09:54:01.362646,Temperature_1_000008abfdaf,11.75
2026-03-27T09:54:01.590596,Temperature_2_000008ae137d,11.5
2026-03-27T09:54:02.002598,Temperature_3_000008ac6b12,13.25
2026-03-27T09:54:03.442671,Temperature_1_000008abfdaf,11.75
2026-03-27T09:54:03.670595,Temperature_2_000008ae137d,11.5
2026-03-27T09:54:04.082595,Temperature_3_000008ac6b12,13.25
2026-03-27T09:54:05.522598,Temperature_1_000008abfdaf,11.75
2026-03-27T09:54:05.750589,Temperature_2_000008ae137d,11.5
2026-03-27T09:54:06.162592,Temperature_3_000008ac6b12,13.25
2026-03-27T09:54:07.602595,Temperature_1_000008abfdaf,11.75
2026-03-27T09:54:07.830630,Temperature_2_000008ae137d,11.5
2026-03-27T09:54:08.274622,Temperature_3_000008ac6b12,13.25
2026-03-27T09:54:09.714594,Temperature_1_000008abfdaf,11.75
2026-03-27T09:54:09.938594,Temperature_2_000008ae137d,11.5
2026-03-27T09:54:10.355856,Temperature_3_000008ac6b12,13.25
2026-03-27T09:54:11.794597,Temperature_1_000008abfdaf,11.75
2026-03-27T09:54:12.022597,Temperature_2_000008ae137d,11.5
2026-03-27T09:54:12.434597,Temperature_3_000008ac6b12,13.25
2026-03-27T09:54:13.874606,Temperature_1_000008abfdaf,11.75
2026-03-27T09:54:14.102595,Temperature_2_000008ae137d,11.5
2026-03-27T09:54:14.514603,Temperature_3_000008ac6b12,13.25
2026-03-27T09:54:15.955117,Temperature_1_000008abfdaf,11.75
2026-03-27T09:54:16.191067,Temperature_2_000008ae137d,11.5
2026-03-27T09:54:16.626975,Temperature_3_000008ac6b12,13.25
2026-03-27T09:54:18.067117,Temperature_1_000008abfdaf,11.75
2026-03-27T09:54:18.295046,Temperature_2_000008ae137d,11.5
2026-03-27T09:54:18.707060,Temperature_3_000008ac6b12,13.25
2026-03-27T09:54:20.147041,Temperature_1_000008abfdaf,11.75
2026-03-27T09:54:20.374594,Temperature_2_000008ae137d,11.5
2026-03-27T09:54:20.786605,Temperature_3_000008ac6b12,13.25
2026-03-27T09:54:22.226598,Temperature_1_000008abfdaf,11.75
2026-03-27T09:54:22.454596,Temperature_2_000008ae137d,11.5
2026-03-27T09:54:22.866589,Temperature_3_000008ac6b12,13.25
2026-03-27T09:54:24.306596,Temperature_1_000008abfdaf,11.75
2026-03-27T09:54:24.534599,Temperature_2_000008ae137d,11.5
2026-03-27T09:54:24.978593,Temperature_3_000008ac6b12,13.25
2026-03-27T09:54:26.419786,Temperature_1_000008abfdaf,11.75
2026-03-27T09:54:26.646982,Temperature_2_000008ae137d,11.5
2026-03-27T09:54:27.059150,Temperature_3_000008ac6b12,13.25
2026-03-27T09:54:28.499333,Temperature_1_000008abfdaf,11.75
2026-03-27T09:54:28.730987,Temperature_2_000008ae137d,11.5
2026-03-27T09:54:29.171188,Temperature_3_000008ac6b12,13.25
2026-03-27T09:54:30.610603,Temperature_1_000008abfdaf,11.75
2026-03-27T09:54:30.838598,Temperature_2_000008ae137d,11.5
2026-03-27T09:54:31.250596,Temperature_3_000008ac6b12,13.25
2026-03-27T09:54:32.690645,Temperature_1_000008abfdaf,11.75
2026-03-27T09:54:32.918599,Temperature_2_000008ae137d,11.5
2026-03-27T09:54:33.330622,Temperature_3_000008ac6b12,13.25
2026-03-27T09:54:34.770592,Temperature_1_000008abfdaf,11.75
2026-03-27T09:54:34.998590,Temperature_2_000008ae137d,11.5
2026-03-27T09:54:35.410983,Temperature_3_000008ac6b12,13.25
2026-03-27T09:54:36.851066,Temperature_1_000008abfdaf,11.75
2026-03-27T09:54:37.078980,Temperature_2_000008ae137d,11.5
2026-03-27T09:54:37.490979,Temperature_3_000008ac6b12,13.25
2026-03-27T09:54:38.931057,Temperature_1_000008abfdaf,11.75
2026-03-27T09:54:39.158985,Temperature_2_000008ae137d,11.5
2026-03-27T09:54:39.571057,Temperature_3_000008ac6b12,13.25
2026-03-27T09:54:41.010691,Temperature_1_000008abfdaf,11.75
2026-03-27T09:54:41.246677,Temperature_2_000008ae137d,11.5
2026-03-27T09:54:41.682596,Temperature_3_000008ac6b12,13.25
2026-03-27T09:54:43.122597,Temperature_1_000008abfdaf,11.75
2026-03-27T09:54:43.350607,Temperature_2_000008ae137d,11.5
2026-03-27T09:54:43.762597,Temperature_3_000008ac6b12,13.25
2026-03-27T09:54:45.202919,Temperature_1_000008abfdaf,11.75
2026-03-27T09:54:45.430879,Temperature_2_000008ae137d,11.5
2026-03-27T09:54:45.843230,Temperature_3_000008ac6b12,13.25
2026-03-27T09:54:47.283118,Temperature_1_000008abfdaf,11.75
2026-03-27T09:54:47.510978,Temperature_2_000008ae137d,11.5
2026-03-27T09:54:47.923060,Temperature_3_000008ac6b12,13.25
2026-03-27T09:54:49.363207,Temperature_1_000008abfdaf,11.75
2026-03-27T09:54:49.591078,Temperature_2_000008ae137d,11.5
2026-03-27T09:54:50.003288,Temperature_3_000008ac6b12,13.25
2026-03-27T09:54:51.442590,Temperature_1_000008abfdaf,11.75
2026-03-27T09:54:51.670587,Temperature_2_000008ae137d,11.5
2026-03-27T09:54:52.103174,Temperature_3_000008ac6b12,13.25
2026-03-27T09:54:53.522589,Temperature_1_000008abfdaf,11.75
2026-03-27T09:54:53.750593,Temperature_2_000008ae137d,11.5
2026-03-27T09:54:54.162595,Temperature_3_000008ac6b12,13.125
2026-03-27T09:54:55.607073,Temperature_1_000008abfdaf,11.75
2026-03-27T09:54:55.835226,Temperature_2_000008ae137d,11.5
2026-03-27T09:54:56.295166,Temperature_3_000008ac6b12,13.125
2026-03-27T09:54:57.715052,Temperature_1_000008abfdaf,11.75
2026-03-27T09:54:57.943079,Temperature_2_000008ae137d,11.5
2026-03-27T09:54:58.354773,Temperature_3_000008ac6b12,13.125
2026-03-27T09:54:59.794595,Temperature_1_000008abfdaf,11.75
2026-03-27T09:55:00.026951,Temperature_2_000008ae137d,11.5
2026-03-27T09:55:00.466593,Temperature_3_000008ac6b12,13.125
2026-03-27T09:55:01.906600,Temperature_1_000008abfdaf,11.75
2026-03-27T09:55:02.134589,Temperature_2_000008ae137d,11.5
2026-03-27T09:55:02.546596,Temperature_3_000008ac6b12,13.25
2026-03-27T09:55:03.987053,Temperature_1_000008abfdaf,11.75
2026-03-27T09:55:04.214882,Temperature_2_000008ae137d,11.5
2026-03-27T09:55:04.627131,Temperature_3_000008ac6b12,13.25
2026-03-27T09:55:06.067402,Temperature_1_000008abfdaf,11.75
2026-03-27T09:55:06.294595,Temperature_2_000008ae137d,11.5
2026-03-27T09:55:06.706613,Temperature_3_000008ac6b12,13.25
2026-03-27T09:55:08.146623,Temperature_1_000008abfdaf,11.75
2026-03-27T09:55:08.374653,Temperature_2_000008ae137d,11.5
2026-03-27T09:55:08.786596,Temperature_3_000008ac6b12,13.25
2026-03-27T09:55:10.226691,Temperature_1_000008abfdaf,11.75
2026-03-27T09:55:10.459091,Temperature_2_000008ae137d,11.5
2026-03-27T09:55:10.899412,Temperature_3_000008ac6b12,13.25
2026-03-27T09:55:12.338602,Temperature_1_000008abfdaf,11.75
2026-03-27T09:55:12.566592,Temperature_2_000008ae137d,11.5
2026-03-27T09:55:13.011175,Temperature_3_000008ac6b12,13.125
2026-03-27T09:55:14.552751,Temperature_1_000008abfdaf,11.75
2026-03-27T09:55:14.802986,Temperature_2_000008ae137d,11.5
2026-03-27T09:55:15.283762,Temperature_3_000008ac6b12,13.25
2026-03-27T09:55:16.791514,Temperature_1_000008abfdaf,11.75
2026-03-27T09:55:17.046873,Temperature_2_000008ae137d,11.5
2026-03-27T09:55:17.550687,Temperature_3_000008ac6b12,13.25
2026-03-27T09:55:18.967068,Temperature_1_000008abfdaf,11.75
2026-03-27T09:55:19.194743,Temperature_2_000008ae137d,11.5
2026-03-27T09:55:19.635577,Temperature_3_000008ac6b12,13.25
2026-03-27T09:55:21.075740,Temperature_1_000008abfdaf,11.75
2026-03-27T09:55:21.736258,Temperature_2_000008ae137d,11.5
2026-03-27T09:55:22.247808,Temperature_3_000008ac6b12,13.25
2026-03-27T09:55:23.702774,Temperature_1_000008abfdaf,11.75
2026-03-27T09:55:23.983409,Temperature_2_000008ae137d,11.5
2026-03-27T09:55:24.467889,Temperature_3_000008ac6b12,13.125
2026-03-27T09:55:25.917197,Temperature_1_000008abfdaf,11.75
2026-03-27T09:55:26.174892,Temperature_2_000008ae137d,11.5
2026-03-27T09:55:26.614291,Temperature_3_000008ac6b12,13.125
2026-03-27T09:55:28.076763,Temperature_1_000008abfdaf,11.75
2026-03-27T09:55:28.331255,Temperature_2_000008ae137d,11.5
2026-03-27T09:55:28.779384,Temperature_3_000008ac6b12,13.125
2026-03-27T09:55:30.227089,Temperature_1_000008abfdaf,11.75
2026-03-27T09:55:30.874821,Temperature_2_000008ae137d,11.5
2026-03-27T09:55:31.345093,Temperature_3_000008ac6b12,13.125
2026-03-27T09:55:32.762682,Temperature_1_000008abfdaf,11.75
2026-03-27T09:55:32.999040,Temperature_2_000008ae137d,11.5
2026-03-27T09:55:33.426726,Temperature_3_000008ac6b12,13.125
2026-03-27T09:55:34.894736,Temperature_1_000008abfdaf,11.75
2026-03-27T09:55:35.227893,Temperature_2_000008ae137d,11.5
2026-03-27T09:55:35.708555,Temperature_3_000008ac6b12,13.125
2026-03-27T09:55:37.174071,Temperature_1_000008abfdaf,11.75
2026-03-27T09:55:37.409305,Temperature_2_000008ae137d,11.5
2026-03-27T09:55:37.910889,Temperature_3_000008ac6b12,13.125
2026-03-27T09:55:39.347708,Temperature_1_000008abfdaf,11.75
2026-03-27T09:55:39.587079,Temperature_2_000008ae137d,11.5
2026-03-27T09:55:40.682902,Temperature_3_000008ac6b12,13.25
2026-03-27T09:55:42.133785,Temperature_1_000008abfdaf,11.75
2026-03-27T09:55:42.366667,Temperature_2_000008ae137d,11.5
2026-03-27T09:55:42.802714,Temperature_3_000008ac6b12,13.125
2026-03-27T09:55:44.242609,Temperature_1_000008abfdaf,11.75
2026-03-27T09:55:44.470641,Temperature_2_000008ae137d,11.5
2026-03-27T09:55:44.882596,Temperature_3_000008ac6b12,13.125
2026-03-27T09:55:46.323025,Temperature_1_000008abfdaf,11.75
2026-03-27T09:55:46.555046,Temperature_2_000008ae137d,11.5
2026-03-27T09:55:46.996029,Temperature_3_000008ac6b12,13.125
2026-03-27T09:55:48.434598,Temperature_1_000008abfdaf,11.75
2026-03-27T09:55:48.662635,Temperature_2_000008ae137d,11.25
2026-03-27T09:55:49.074595,Temperature_3_000008ac6b12,13.25
2026-03-27T09:55:50.514597,Temperature_1_000008abfdaf,11.75
2026-03-27T09:55:50.743532,Temperature_2_000008ae137d,11.25
2026-03-27T09:55:51.174913,Temperature_3_000008ac6b12,13.25
2026-03-27T09:55:52.595599,Temperature_1_000008abfdaf,11.75
2026-03-27T09:55:52.827282,Temperature_2_000008ae137d,11.25
2026-03-27T09:55:53.266865,Temperature_3_000008ac6b12,13.25
2026-03-27T09:55:54.706846,Temperature_1_000008abfdaf,11.75
2026-03-27T09:55:54.939218,Temperature_2_000008ae137d,11.5
2026-03-27T09:55:55.378741,Temperature_3_000008ac6b12,13.125
2026-03-27T09:55:56.838607,Temperature_1_000008abfdaf,11.75
2026-03-27T09:55:57.071119,Temperature_2_000008ae137d,11.25
2026-03-27T09:55:57.574761,Temperature_3_000008ac6b12,13.125
2026-03-27T09:55:59.029288,Temperature_1_000008abfdaf,11.75
2026-03-27T09:55:59.350930,Temperature_2_000008ae137d,11.25
2026-03-27T09:55:59.860211,Temperature_3_000008ac6b12,13.125
2026-03-27T09:56:01.298773,Temperature_1_000008abfdaf,11.75
2026-03-27T09:56:01.534676,Temperature_2_000008ae137d,11.25
2026-03-27T09:56:01.970656,Temperature_3_000008ac6b12,13.125
2026-03-27T09:56:03.413998,Temperature_1_000008abfdaf,11.75
2026-03-27T09:56:03.658013,Temperature_2_000008ae137d,11.25
2026-03-27T09:56:04.123524,Temperature_3_000008ac6b12,13.25
2026-03-27T09:56:05.578781,Temperature_1_000008abfdaf,11.75
2026-03-27T09:56:05.830647,Temperature_2_000008ae137d,11.5
2026-03-27T09:56:06.918962,Temperature_3_000008ac6b12,13.25
2026-03-27T09:56:08.342936,Temperature_1_000008abfdaf,11.75
2026-03-27T09:56:08.601093,Temperature_2_000008ae137d,11.5
2026-03-27T09:56:09.050667,Temperature_3_000008ac6b12,13.25
2026-03-27T09:56:10.507119,Temperature_1_000008abfdaf,11.75
2026-03-27T09:56:10.746696,Temperature_2_000008ae137d,11.5
2026-03-27T09:56:11.186672,Temperature_3_000008ac6b12,13.125
2026-03-27T09:56:12.630686,Temperature_1_000008abfdaf,11.75
2026-03-27T09:56:12.858703,Temperature_2_000008ae137d,11.5
2026-03-27T09:56:13.298675,Temperature_3_000008ac6b12,13.25
2026-03-27T09:56:14.738674,Temperature_1_000008abfdaf,11.75
2026-03-27T09:56:14.970667,Temperature_2_000008ae137d,11.5
2026-03-27T09:56:15.410787,Temperature_3_000008ac6b12,13.25
2026-03-27T09:56:16.852101,Temperature_1_000008abfdaf,11.75
2026-03-27T09:56:17.139278,Temperature_2_000008ae137d,11.5
2026-03-27T09:56:17.586681,Temperature_3_000008ac6b12,13.25
2026-03-27T09:56:19.634823,Temperature_1_000008abfdaf,11.75
2026-03-27T09:56:19.862790,Temperature_2_000008ae137d,11.5
2026-03-27T09:56:20.294754,Temperature_3_000008ac6b12,13.125
2026-03-27T09:56:21.714605,Temperature_1_000008abfdaf,11.75
2026-03-27T09:56:21.942595,Temperature_2_000008ae137d,11.5
2026-03-27T09:56:22.355938,Temperature_3_000008ac6b12,13.125
2026-03-27T09:56:23.798836,Temperature_1_000008abfdaf,11.75
2026-03-27T09:56:24.026932,Temperature_2_000008ae137d,11.5
2026-03-27T09:56:24.467060,Temperature_3_000008ac6b12,13.125
2026-03-27T09:56:25.906605,Temperature_1_000008abfdaf,11.75
2026-03-27T09:56:26.134598,Temperature_2_000008ae137d,11.5
2026-03-27T09:56:26.546593,Temperature_3_000008ac6b12,13.125
2026-03-27T09:56:27.986605,Temperature_1_000008abfdaf,11.75
2026-03-27T09:56:28.214603,Temperature_2_000008ae137d,11.5
2026-03-27T09:56:28.626596,Temperature_3_000008ac6b12,13.125
2026-03-27T09:56:30.067057,Temperature_1_000008abfdaf,11.75
2026-03-27T09:56:30.319552,Temperature_2_000008ae137d,11.5
2026-03-27T09:56:30.738593,Temperature_3_000008ac6b12,13.125
2026-03-27T09:56:32.178582,Temperature_1_000008abfdaf,11.75
2026-03-27T09:56:32.402592,Temperature_2_000008ae137d,11.5
2026-03-27T09:56:32.818595,Temperature_3_000008ac6b12,13.125
2026-03-27T09:56:34.258625,Temperature_1_000008abfdaf,11.75
2026-03-27T09:56:34.486607,Temperature_2_000008ae137d,11.5
2026-03-27T09:56:34.898850,Temperature_3_000008ac6b12,13.125
2026-03-27T09:56:36.338937,Temperature_1_000008abfdaf,11.75
2026-03-27T09:56:36.566983,Temperature_2_000008ae137d,11.5
2026-03-27T09:56:37.011202,Temperature_3_000008ac6b12,13.25
2026-03-27T09:56:38.471207,Temperature_1_000008abfdaf,11.75
2026-03-27T09:56:38.699057,Temperature_2_000008ae137d,11.5
2026-03-27T09:56:39.123130,Temperature_3_000008ac6b12,13.125
2026-03-27T09:56:40.566705,Temperature_1_000008abfdaf,11.75
2026-03-27T09:56:40.794611,Temperature_2_000008ae137d,11.5
2026-03-27T09:56:41.234609,Temperature_3_000008ac6b12,13.25
2026-03-27T09:56:42.674590,Temperature_1_000008abfdaf,11.75
2026-03-27T09:56:42.898629,Temperature_2_000008ae137d,11.5
2026-03-27T09:56:43.314596,Temperature_3_000008ac6b12,13.125
2026-03-27T09:56:44.755149,Temperature_1_000008abfdaf,11.75
2026-03-27T09:56:44.987020,Temperature_2_000008ae137d,11.5
2026-03-27T09:56:45.426622,Temperature_3_000008ac6b12,13.125
2026-03-27T09:56:46.866592,Temperature_1_000008abfdaf,11.75
2026-03-27T09:56:47.094593,Temperature_2_000008ae137d,11.5
2026-03-27T09:56:47.506689,Temperature_3_000008ac6b12,13.125
2026-03-27T09:56:48.946597,Temperature_1_000008abfdaf,11.75
2026-03-27T09:56:49.174588,Temperature_2_000008ae137d,11.5
2026-03-27T09:56:49.586733,Temperature_3_000008ac6b12,13.125
2026-03-27T09:56:51.029779,Temperature_1_000008abfdaf,11.75
2026-03-27T09:56:51.263119,Temperature_2_000008ae137d,11.5
2026-03-27T09:56:51.698834,Temperature_3_000008ac6b12,13.25
2026-03-27T09:56:53.138602,Temperature_1_000008abfdaf,11.75
2026-03-27T09:56:53.370795,Temperature_2_000008ae137d,11.5
2026-03-27T09:56:53.836174,Temperature_3_000008ac6b12,13.125
2026-03-27T09:56:55.858835,Temperature_1_000008abfdaf,11.75
2026-03-27T09:56:56.563003,Temperature_2_000008ae137d,11.5
2026-03-27T09:56:56.978633,Temperature_3_000008ac6b12,13.125
2026-03-27T09:56:58.490951,Temperature_1_000008abfdaf,11.75
2026-03-27T09:56:58.718678,Temperature_2_000008ae137d,11.5
2026-03-27T09:56:59.174765,Temperature_3_000008ac6b12,13.125
2026-03-27T09:57:00.594656,Temperature_1_000008abfdaf,11.75
2026-03-27T09:57:00.822820,Temperature_2_000008ae137d,11.5
2026-03-27T09:57:01.234648,Temperature_3_000008ac6b12,13.125
2026-03-27T09:57:02.676737,Temperature_1_000008abfdaf,11.75
2026-03-27T09:57:02.913233,Temperature_2_000008ae137d,11.5
2026-03-27T09:57:03.367145,Temperature_3_000008ac6b12,13.125
2026-03-27T09:57:04.786660,Temperature_1_000008abfdaf,11.75
2026-03-27T09:57:05.034675,Temperature_2_000008ae137d,11.5
2026-03-27T09:57:05.458604,Temperature_3_000008ac6b12,13.125
2026-03-27T09:57:06.918892,Temperature_1_000008abfdaf,11.75
2026-03-27T09:57:07.151524,Temperature_2_000008ae137d,11.5
2026-03-27T09:57:07.570591,Temperature_3_000008ac6b12,13.125
2026-03-27T09:57:09.014918,Temperature_1_000008abfdaf,11.75
2026-03-27T09:57:09.282911,Temperature_2_000008ae137d,11.5
2026-03-27T09:57:09.746595,Temperature_3_000008ac6b12,13.125
2026-03-27T09:57:11.187617,Temperature_1_000008abfdaf,11.75
2026-03-27T09:57:11.430863,Temperature_2_000008ae137d,11.5
2026-03-27T09:57:11.858889,Temperature_3_000008ac6b12,13.125
2026-03-27T09:57:13.314855,Temperature_1_000008abfdaf,11.75
2026-03-27T09:57:13.542630,Temperature_2_000008ae137d,11.5
2026-03-27T09:57:13.978597,Temperature_3_000008ac6b12,13.125
2026-03-27T09:57:15.410650,Temperature_1_000008abfdaf,11.75
2026-03-27T09:57:15.638675,Temperature_2_000008ae137d,11.5
2026-03-27T09:57:16.082597,Temperature_3_000008ac6b12,13.125
2026-03-27T09:57:17.523190,Temperature_1_000008abfdaf,11.75
2026-03-27T09:57:17.754686,Temperature_2_000008ae137d,11.5
2026-03-27T09:57:18.194597,Temperature_3_000008ac6b12,13.125
2026-03-27T09:57:19.766834,Temperature_1_000008abfdaf,11.75
2026-03-27T09:57:20.030648,Temperature_2_000008ae137d,11.5
2026-03-27T09:57:20.498592,Temperature_3_000008ac6b12,13.125
2026-03-27T09:57:21.939040,Temperature_1_000008abfdaf,11.75
2026-03-27T09:57:22.170601,Temperature_2_000008ae137d,11.5
2026-03-27T09:57:22.610597,Temperature_3_000008ac6b12,13.125
2026-03-27T09:57:24.050920,Temperature_1_000008abfdaf,11.75
2026-03-27T09:57:24.282638,Temperature_2_000008ae137d,11.5
2026-03-27T09:57:24.746727,Temperature_3_000008ac6b12,13.125
2026-03-27T09:57:26.167088,Temperature_1_000008abfdaf,11.75
2026-03-27T09:57:26.394660,Temperature_2_000008ae137d,11.5
2026-03-27T09:57:26.834598,Temperature_3_000008ac6b12,13.125
2026-03-27T09:57:28.274746,Temperature_1_000008abfdaf,11.75
2026-03-27T09:57:28.503397,Temperature_2_000008ae137d,11.5
2026-03-27T09:57:28.946699,Temperature_3_000008ac6b12,13.125
2026-03-27T09:57:30.387796,Temperature_1_000008abfdaf,11.75
2026-03-27T09:57:30.615457,Temperature_2_000008ae137d,11.5
2026-03-27T09:57:31.026744,Temperature_3_000008ac6b12,13.125
2026-03-27T09:57:32.467149,Temperature_1_000008abfdaf,11.75
2026-03-27T09:57:32.694674,Temperature_2_000008ae137d,11.5
2026-03-27T09:57:33.106630,Temperature_3_000008ac6b12,13.125
2026-03-27T09:57:34.546640,Temperature_1_000008abfdaf,11.75
2026-03-27T09:57:34.794649,Temperature_2_000008ae137d,11.5
2026-03-27T09:57:35.218665,Temperature_3_000008ac6b12,13.125
2026-03-27T09:57:36.658670,Temperature_1_000008abfdaf,11.75
2026-03-27T09:57:36.910653,Temperature_2_000008ae137d,11.5
2026-03-27T09:57:37.362736,Temperature_3_000008ac6b12,13.125
2026-03-27T09:57:38.822653,Temperature_1_000008abfdaf,11.75
2026-03-27T09:57:39.054807,Temperature_2_000008ae137d,11.5
2026-03-27T09:57:39.474687,Temperature_3_000008ac6b12,13.125
2026-03-27T09:57:40.914915,Temperature_1_000008abfdaf,11.75
2026-03-27T09:57:41.150606,Temperature_2_000008ae137d,11.5
2026-03-27T09:57:41.602607,Temperature_3_000008ac6b12,13.125
2026-03-27T09:57:43.030718,Temperature_1_000008abfdaf,11.75
2026-03-27T09:57:43.258636,Temperature_2_000008ae137d,11.5
2026-03-27T09:57:43.698640,Temperature_3_000008ac6b12,13.125
2026-03-27T09:57:45.139381,Temperature_1_000008abfdaf,11.75
2026-03-27T09:57:45.366681,Temperature_2_000008ae137d,11.5
2026-03-27T09:57:45.810596,Temperature_3_000008ac6b12,13.125
2026-03-27T09:57:47.251459,Temperature_1_000008abfdaf,11.75
2026-03-27T09:57:47.478712,Temperature_2_000008ae137d,11.5
2026-03-27T09:57:47.890607,Temperature_3_000008ac6b12,13.125
2026-03-27T09:57:49.331434,Temperature_1_000008abfdaf,11.75
2026-03-27T09:57:49.558820,Temperature_2_000008ae137d,11.5
2026-03-27T09:57:49.970595,Temperature_3_000008ac6b12,13.25
2026-03-27T09:57:51.418868,Temperature_1_000008abfdaf,11.75
2026-03-27T09:57:51.650651,Temperature_2_000008ae137d,11.5
2026-03-27T09:57:52.086878,Temperature_3_000008ac6b12,13.125
2026-03-27T09:57:53.523080,Temperature_1_000008abfdaf,11.75
2026-03-27T09:57:53.750830,Temperature_2_000008ae137d,11.5
2026-03-27T09:57:54.194875,Temperature_3_000008ac6b12,13.125
2026-03-27T09:57:55.635781,Temperature_1_000008abfdaf,11.75
2026-03-27T09:57:55.862714,Temperature_2_000008ae137d,11.5
2026-03-27T09:57:56.306601,Temperature_3_000008ac6b12,13.125
2026-03-27T09:57:57.747295,Temperature_1_000008abfdaf,11.75
2026-03-27T09:57:57.974640,Temperature_2_000008ae137d,11.5
2026-03-27T09:57:58.386603,Temperature_3_000008ac6b12,13.25
2026-03-27T09:57:59.826850,Temperature_1_000008abfdaf,11.75
2026-03-27T09:58:00.062596,Temperature_2_000008ae137d,11.5
2026-03-27T09:58:00.498883,Temperature_3_000008ac6b12,13.25
2026-03-27T09:58:01.938741,Temperature_1_000008abfdaf,11.75
2026-03-27T09:58:02.170707,Temperature_2_000008ae137d,11.5
2026-03-27T09:58:02.610601,Temperature_3_000008ac6b12,13.125
2026-03-27T09:58:04.051985,Temperature_1_000008abfdaf,11.75
2026-03-27T09:58:04.302794,Temperature_2_000008ae137d,11.5
2026-03-27T09:58:04.722614,Temperature_3_000008ac6b12,13.25
2026-03-27T09:58:06.163245,Temperature_1_000008abfdaf,11.75
2026-03-27T09:58:06.395467,Temperature_2_000008ae137d,11.5
2026-03-27T09:58:06.837372,Temperature_3_000008ac6b12,13.25
2026-03-27T09:58:08.278775,Temperature_1_000008abfdaf,11.75
2026-03-27T09:58:08.506631,Temperature_2_000008ae137d,11.25
2026-03-27T09:58:08.946605,Temperature_3_000008ac6b12,13.25
2026-03-27T09:58:10.407478,Temperature_1_000008abfdaf,11.75
2026-03-27T09:58:10.634739,Temperature_2_000008ae137d,11.5
2026-03-27T09:58:11.058679,Temperature_3_000008ac6b12,13.25
2026-03-27T09:58:12.500871,Temperature_1_000008abfdaf,11.875
2026-03-27T09:58:12.746732,Temperature_2_000008ae137d,11.5
2026-03-27T09:58:13.202605,Temperature_3_000008ac6b12,13.125
2026-03-27T09:58:14.642679,Temperature_1_000008abfdaf,11.875
2026-03-27T09:58:14.870665,Temperature_2_000008ae137d,11.5
2026-03-27T09:58:15.282786,Temperature_3_000008ac6b12,13.25
2026-03-27T09:58:16.722860,Temperature_1_000008abfdaf,11.75
2026-03-27T09:58:16.954761,Temperature_2_000008ae137d,11.5
2026-03-27T09:58:17.394628,Temperature_3_000008ac6b12,13.25
2026-03-27T09:58:18.834857,Temperature_1_000008abfdaf,11.75
2026-03-27T09:58:19.063841,Temperature_2_000008ae137d,11.5
2026-03-27T09:58:19.474642,Temperature_3_000008ac6b12,13.125
2026-03-27T09:58:20.930733,Temperature_1_000008abfdaf,11.75
2026-03-27T09:58:21.159046,Temperature_2_000008ae137d,11.5
2026-03-27T09:58:21.586896,Temperature_3_000008ac6b12,13.25
2026-03-27T09:58:23.047295,Temperature_1_000008abfdaf,11.75
2026-03-27T09:58:23.281654,Temperature_2_000008ae137d,11.5
2026-03-27T09:58:23.698767,Temperature_3_000008ac6b12,13.25
2026-03-27T09:58:25.139017,Temperature_1_000008abfdaf,11.75
2026-03-27T09:58:25.406715,Temperature_2_000008ae137d,11.5
2026-03-27T09:58:25.842599,Temperature_3_000008ac6b12,13.25
2026-03-27T09:58:27.282646,Temperature_1_000008abfdaf,11.75
2026-03-27T09:58:27.514643,Temperature_2_000008ae137d,11.5
2026-03-27T09:58:27.954602,Temperature_3_000008ac6b12,13.25
2026-03-27T09:58:29.394668,Temperature_1_000008abfdaf,11.75
2026-03-27T09:58:29.622664,Temperature_2_000008ae137d,11.5
2026-03-27T09:58:30.034655,Temperature_3_000008ac6b12,13.25
2026-03-27T09:58:31.475141,Temperature_1_000008abfdaf,11.75
2026-03-27T09:58:31.726748,Temperature_2_000008ae137d,11.5
2026-03-27T09:58:32.146606,Temperature_3_000008ac6b12,13.25
2026-03-27T09:58:33.587292,Temperature_1_000008abfdaf,11.875
2026-03-27T09:58:33.843213,Temperature_2_000008ae137d,11.5
2026-03-27T09:58:34.258892,Temperature_3_000008ac6b12,13.25
2026-03-27T09:58:35.771713,Temperature_1_000008abfdaf,11.875
2026-03-27T09:58:36.026661,Temperature_2_000008ae137d,11.5
2026-03-27T09:58:36.467048,Temperature_3_000008ac6b12,13.125
2026-03-27T09:58:37.910674,Temperature_1_000008abfdaf,11.875
2026-03-27T09:58:38.138970,Temperature_2_000008ae137d,11.5
2026-03-27T09:58:38.634843,Temperature_3_000008ac6b12,13.25
2026-03-27T09:58:40.050961,Temperature_1_000008abfdaf,11.875
2026-03-27T09:58:40.294744,Temperature_2_000008ae137d,11.5
2026-03-27T09:58:40.747231,Temperature_3_000008ac6b12,13.25
2026-03-27T09:58:42.194735,Temperature_1_000008abfdaf,11.875
2026-03-27T09:58:42.442850,Temperature_2_000008ae137d,11.5
2026-03-27T09:58:42.866774,Temperature_3_000008ac6b12,13.25
2026-03-27T09:58:44.407441,Temperature_1_000008abfdaf,11.75
2026-03-27T09:58:44.636497,Temperature_2_000008ae137d,11.5
2026-03-27T09:58:45.126646,Temperature_3_000008ac6b12,13.125
2026-03-27T09:58:46.546646,Temperature_1_000008abfdaf,11.75
2026-03-27T09:58:46.775167,Temperature_2_000008ae137d,11.5
2026-03-27T09:58:47.210748,Temperature_3_000008ac6b12,13.25
2026-03-27T09:58:48.626735,Temperature_1_000008abfdaf,11.75
2026-03-27T09:58:48.854669,Temperature_2_000008ae137d,11.5
2026-03-27T09:58:49.298605,Temperature_3_000008ac6b12,13.25
2026-03-27T09:58:50.812137,Temperature_1_000008abfdaf,11.875
2026-03-27T09:58:51.086744,Temperature_2_000008ae137d,11.5
2026-03-27T09:58:51.506744,Temperature_3_000008ac6b12,13.25
2026-03-27T09:58:52.948459,Temperature_1_000008abfdaf,11.75
2026-03-27T09:58:53.296753,Temperature_2_000008ae137d,11.5
2026-03-27T09:58:54.415388,Temperature_3_000008ac6b12,13.25
2026-03-27T09:58:55.940109,Temperature_1_000008abfdaf,11.75
2026-03-27T09:58:56.231784,Temperature_2_000008ae137d,11.5
2026-03-27T09:58:57.395343,Temperature_3_000008ac6b12,13.25
2026-03-27T09:58:58.875195,Temperature_1_000008abfdaf,11.75
2026-03-27T09:58:59.116750,Temperature_2_000008ae137d,11.5
2026-03-27T09:58:59.540621,Temperature_3_000008ac6b12,13.25
2026-03-27T09:59:00.979359,Temperature_1_000008abfdaf,11.75
2026-03-27T09:59:01.207161,Temperature_2_000008ae137d,11.5
2026-03-27T09:59:01.671743,Temperature_3_000008ac6b12,13.25
2026-03-27T09:59:03.090675,Temperature_1_000008abfdaf,11.75
2026-03-27T09:59:03.320238,Temperature_2_000008ae137d,11.5
2026-03-27T09:59:03.762678,Temperature_3_000008ac6b12,13.25
2026-03-27T09:59:05.258772,Temperature_1_000008abfdaf,11.75
2026-03-27T09:59:05.490663,Temperature_2_000008ae137d,11.5
2026-03-27T09:59:05.958691,Temperature_3_000008ac6b12,13.125
2026-03-27T09:59:07.378605,Temperature_1_000008abfdaf,11.75
2026-03-27T09:59:07.607121,Temperature_2_000008ae137d,11.5
2026-03-27T09:59:08.019119,Temperature_3_000008ac6b12,13.25
2026-03-27T09:59:09.483376,Temperature_1_000008abfdaf,11.75
2026-03-27T09:59:09.715101,Temperature_2_000008ae137d,11.5
2026-03-27T09:59:10.130724,Temperature_3_000008ac6b12,13.25
2026-03-27T09:59:11.574964,Temperature_1_000008abfdaf,11.75
2026-03-27T09:59:11.802638,Temperature_2_000008ae137d,11.5
2026-03-27T09:59:12.245605,Temperature_3_000008ac6b12,13.25
2026-03-27T09:59:13.684399,Temperature_1_000008abfdaf,11.875
2026-03-27T09:59:13.934675,Temperature_2_000008ae137d,11.5
2026-03-27T09:59:14.355086,Temperature_3_000008ac6b12,13.25
2026-03-27T09:59:15.801269,Temperature_1_000008abfdaf,11.875
2026-03-27T09:59:16.030606,Temperature_2_000008ae137d,11.5
2026-03-27T09:59:16.466655,Temperature_3_000008ac6b12,13.25
2026-03-27T09:59:17.906609,Temperature_1_000008abfdaf,11.875
2026-03-27T09:59:18.134650,Temperature_2_000008ae137d,11.5
2026-03-27T09:59:18.546604,Temperature_3_000008ac6b12,13.25
2026-03-27T09:59:19.987021,Temperature_1_000008abfdaf,11.875
2026-03-27T09:59:20.214860,Temperature_2_000008ae137d,11.5
2026-03-27T09:59:20.626641,Temperature_3_000008ac6b12,13.25
2026-03-27T09:59:22.066597,Temperature_1_000008abfdaf,11.875
2026-03-27T09:59:22.298595,Temperature_2_000008ae137d,11.5
2026-03-27T09:59:22.738598,Temperature_3_000008ac6b12,13.25
2026-03-27T09:59:24.178631,Temperature_1_000008abfdaf,11.875
2026-03-27T09:59:24.406599,Temperature_2_000008ae137d,11.5
2026-03-27T09:59:24.818709,Temperature_3_000008ac6b12,13.25
2026-03-27T09:59:26.259115,Temperature_1_000008abfdaf,11.875
2026-03-27T09:59:26.487580,Temperature_2_000008ae137d,11.5
2026-03-27T09:59:26.898597,Temperature_3_000008ac6b12,13.25
2026-03-27T09:59:28.338596,Temperature_1_000008abfdaf,11.875
2026-03-27T09:59:28.570597,Temperature_2_000008ae137d,11.5
2026-03-27T09:59:29.010597,Temperature_3_000008ac6b12,13.25
2026-03-27T09:59:30.450649,Temperature_1_000008abfdaf,11.875
2026-03-27T09:59:30.678613,Temperature_2_000008ae137d,11.5
2026-03-27T09:59:31.090616,Temperature_3_000008ac6b12,13.25
2026-03-27T09:59:32.530598,Temperature_1_000008abfdaf,11.875
2026-03-27T09:59:32.758640,Temperature_2_000008ae137d,11.5
2026-03-27T09:59:33.170647,Temperature_3_000008ac6b12,13.25
2026-03-27T09:59:34.610592,Temperature_1_000008abfdaf,11.875
2026-03-27T09:59:34.838610,Temperature_2_000008ae137d,11.5
2026-03-27T09:59:35.250679,Temperature_3_000008ac6b12,13.25
2026-03-27T09:59:36.690593,Temperature_1_000008abfdaf,11.875
2026-03-27T09:59:36.918929,Temperature_2_000008ae137d,11.5
2026-03-27T09:59:37.331695,Temperature_3_000008ac6b12,13.25
2026-03-27T09:59:38.770605,Temperature_1_000008abfdaf,11.875
2026-03-27T09:59:38.998690,Temperature_2_000008ae137d,11.5
2026-03-27T09:59:39.410613,Temperature_3_000008ac6b12,13.25
2026-03-27T09:59:40.850591,Temperature_1_000008abfdaf,11.875
2026-03-27T09:59:41.078705,Temperature_2_000008ae137d,11.5
2026-03-27T09:59:41.490629,Temperature_3_000008ac6b12,13.25
2026-03-27T09:59:42.931004,Temperature_1_000008abfdaf,11.875
2026-03-27T09:59:43.158893,Temperature_2_000008ae137d,11.5
2026-03-27T09:59:43.590988,Temperature_3_000008ac6b12,13.25
2026-03-27T09:59:45.011047,Temperature_1_000008abfdaf,11.875
2026-03-27T09:59:45.238969,Temperature_2_000008ae137d,11.5
2026-03-27T09:59:45.650717,Temperature_3_000008ac6b12,13.25
2026-03-27T09:59:47.090645,Temperature_1_000008abfdaf,11.875
2026-03-27T09:59:47.322660,Temperature_2_000008ae137d,11.5
2026-03-27T09:59:47.763181,Temperature_3_000008ac6b12,13.25
2026-03-27T09:59:49.202725,Temperature_1_000008abfdaf,11.875
2026-03-27T09:59:49.492580,Temperature_2_000008ae137d,11.5
2026-03-27T09:59:49.906629,Temperature_3_000008ac6b12,13.25
2026-03-27T09:59:51.346894,Temperature_1_000008abfdaf,11.875
2026-03-27T09:59:51.594829,Temperature_2_000008ae137d,11.5
2026-03-27T09:59:52.039053,Temperature_3_000008ac6b12,13.25
2026-03-27T09:59:53.459525,Temperature_1_000008abfdaf,11.875
2026-03-27T09:59:53.686930,Temperature_2_000008ae137d,11.5
2026-03-27T09:59:54.099029,Temperature_3_000008ac6b12,13.25
2026-03-27T09:59:55.538594,Temperature_1_000008abfdaf,11.875
2026-03-27T09:59:55.766657,Temperature_2_000008ae137d,11.5
2026-03-27T09:59:56.178598,Temperature_3_000008ac6b12,13.25
2026-03-27T09:59:57.618600,Temperature_1_000008abfdaf,11.875
2026-03-27T09:59:57.850596,Temperature_2_000008ae137d,11.5
2026-03-27T09:59:58.290598,Temperature_3_000008ac6b12,13.25
2026-03-27T09:59:59.730753,Temperature_1_000008abfdaf,11.875
2026-03-27T09:59:59.958803,Temperature_2_000008ae137d,11.5
2026-03-27T10:00:00.371429,Temperature_3_000008ac6b12,13.25
2026-03-27T10:00:01.810596,Temperature_1_000008abfdaf,11.875
2026-03-27T10:00:02.038597,Temperature_2_000008ae137d,11.5
2026-03-27T10:00:02.451456,Temperature_3_000008ac6b12,13.25
2026-03-27T10:00:03.890612,Temperature_1_000008abfdaf,11.875
2026-03-27T10:00:04.118652,Temperature_2_000008ae137d,11.5
2026-03-27T10:00:04.532028,Temperature_3_000008ac6b12,13.25
2026-03-27T10:00:05.972821,Temperature_1_000008abfdaf,11.875
2026-03-27T10:00:06.198872,Temperature_2_000008ae137d,11.5
2026-03-27T10:00:06.611001,Temperature_3_000008ac6b12,13.25
2026-03-27T10:00:08.050983,Temperature_1_000008abfdaf,11.875
2026-03-27T10:00:08.278959,Temperature_2_000008ae137d,11.5
2026-03-27T10:00:08.710940,Temperature_3_000008ac6b12,13.25
2026-03-27T10:00:10.131136,Temperature_1_000008abfdaf,11.875
2026-03-27T10:00:10.362705,Temperature_2_000008ae137d,11.5
2026-03-27T10:00:10.802600,Temperature_3_000008ac6b12,13.25
2026-03-27T10:00:12.242591,Temperature_1_000008abfdaf,11.875
2026-03-27T10:00:12.470997,Temperature_2_000008ae137d,11.5
2026-03-27T10:00:12.914968,Temperature_3_000008ac6b12,13.25
2026-03-27T10:00:14.354625,Temperature_1_000008abfdaf,11.875
2026-03-27T10:00:14.586600,Temperature_2_000008ae137d,11.5
2026-03-27T10:00:15.026630,Temperature_3_000008ac6b12,13.25
2026-03-27T10:00:16.467014,Temperature_1_000008abfdaf,11.875
2026-03-27T10:00:16.694994,Temperature_2_000008ae137d,11.5
2026-03-27T10:00:17.107003,Temperature_3_000008ac6b12,13.25
2026-03-27T10:00:18.547070,Temperature_1_000008abfdaf,11.875
2026-03-27T10:00:18.778973,Temperature_2_000008ae137d,11.5
2026-03-27T10:00:19.218987,Temperature_3_000008ac6b12,13.25
2026-03-27T10:00:20.659076,Temperature_1_000008abfdaf,11.875
2026-03-27T10:00:20.886847,Temperature_2_000008ae137d,11.5
2026-03-27T10:00:21.299085,Temperature_3_000008ac6b12,13.25
2026-03-27T10:00:22.738585,Temperature_1_000008abfdaf,11.875
2026-03-27T10:00:22.966606,Temperature_2_000008ae137d,11.5
2026-03-27T10:00:23.378603,Temperature_3_000008ac6b12,13.25
2026-03-27T10:00:24.818599,Temperature_1_000008abfdaf,11.875
2026-03-27T10:00:25.046607,Temperature_2_000008ae137d,11.5
2026-03-27T10:00:25.458649,Temperature_3_000008ac6b12,13.25
2026-03-27T10:00:26.899057,Temperature_1_000008abfdaf,11.875
2026-03-27T10:00:27.126861,Temperature_2_000008ae137d,11.5
2026-03-27T10:00:27.558985,Temperature_3_000008ac6b12,13.25
2026-03-27T10:00:28.995147,Temperature_1_000008abfdaf,11.875
2026-03-27T10:00:29.226987,Temperature_2_000008ae137d,11.5
2026-03-27T10:00:29.651158,Temperature_3_000008ac6b12,13.25
2026-03-27T10:00:31.091050,Temperature_1_000008abfdaf,11.875
2026-03-27T10:00:31.322844,Temperature_2_000008ae137d,11.5
2026-03-27T10:00:31.762875,Temperature_3_000008ac6b12,13.25
2026-03-27T10:00:33.202609,Temperature_1_000008abfdaf,11.875
2026-03-27T10:00:33.434602,Temperature_2_000008ae137d,11.5
2026-03-27T10:00:33.874595,Temperature_3_000008ac6b12,13.25
2026-03-27T10:00:35.318728,Temperature_1_000008abfdaf,11.875
2026-03-27T10:00:35.546611,Temperature_2_000008ae137d,11.5
2026-03-27T10:00:35.986599,Temperature_3_000008ac6b12,13.25
2026-03-27T10:00:37.427500,Temperature_1_000008abfdaf,11.875
2026-03-27T10:00:37.654886,Temperature_2_000008ae137d,11.5
2026-03-27T10:00:38.067137,Temperature_3_000008ac6b12,13.25
2026-03-27T10:00:39.506999,Temperature_1_000008abfdaf,11.875
2026-03-27T10:00:39.734997,Temperature_2_000008ae137d,11.5
2026-03-27T10:00:40.147380,Temperature_3_000008ac6b12,13.25
2026-03-27T10:00:41.587201,Temperature_1_000008abfdaf,11.875
2026-03-27T10:00:41.814990,Temperature_2_000008ae137d,11.5
2026-03-27T10:00:42.227073,Temperature_3_000008ac6b12,13.25
2026-03-27T10:00:43.666589,Temperature_1_000008abfdaf,11.875
2026-03-27T10:00:43.894649,Temperature_2_000008ae137d,11.5
2026-03-27T10:00:44.306616,Temperature_3_000008ac6b12,13.25
2026-03-27T10:00:45.746613,Temperature_1_000008abfdaf,11.875
2026-03-27T10:00:45.978692,Temperature_2_000008ae137d,11.5
2026-03-27T10:00:46.418602,Temperature_3_000008ac6b12,13.25
2026-03-27T10:00:47.859549,Temperature_1_000008abfdaf,11.875
2026-03-27T10:00:48.086842,Temperature_2_000008ae137d,11.5
2026-03-27T10:00:48.498881,Temperature_3_000008ac6b12,13.25
2026-03-27T10:00:49.938617,Temperature_1_000008abfdaf,11.875
2026-03-27T10:00:50.166612,Temperature_2_000008ae137d,11.5
2026-03-27T10:00:50.578598,Temperature_3_000008ac6b12,13.25
2026-03-27T10:00:52.018586,Temperature_1_000008abfdaf,11.875
2026-03-27T10:00:52.246672,Temperature_2_000008ae137d,11.5
2026-03-27T10:00:52.658605,Temperature_3_000008ac6b12,13.25
2026-03-27T10:00:54.098599,Temperature_1_000008abfdaf,11.875
2026-03-27T10:00:54.326986,Temperature_2_000008ae137d,11.5
2026-03-27T10:00:54.739014,Temperature_3_000008ac6b12,13.25
2026-03-27T10:00:56.178604,Temperature_1_000008abfdaf,11.875
2026-03-27T10:00:56.406598,Temperature_2_000008ae137d,11.5
2026-03-27T10:00:56.818637,Temperature_3_000008ac6b12,13.25
2026-03-27T10:00:58.258599,Temperature_1_000008abfdaf,11.875
2026-03-27T10:00:58.486652,Temperature_2_000008ae137d,11.5
2026-03-27T10:00:58.898628,Temperature_3_000008ac6b12,13.25
2026-03-27T10:01:00.338986,Temperature_1_000008abfdaf,11.875
2026-03-27T10:01:00.570846,Temperature_2_000008ae137d,11.5
2026-03-27T10:01:01.011072,Temperature_3_000008ac6b12,13.25
2026-03-27T10:01:02.451179,Temperature_1_000008abfdaf,11.875
2026-03-27T10:01:02.678778,Temperature_2_000008ae137d,11.5
2026-03-27T10:01:03.091183,Temperature_3_000008ac6b12,13.25
2026-03-27T10:01:04.530594,Temperature_1_000008abfdaf,11.875
2026-03-27T10:01:04.762589,Temperature_2_000008ae137d,11.5
2026-03-27T10:01:05.202946,Temperature_3_000008ac6b12,13.25
2026-03-27T10:01:06.644073,Temperature_1_000008abfdaf,11.875
2026-03-27T10:01:06.874746,Temperature_2_000008ae137d,11.5
2026-03-27T10:01:07.314601,Temperature_3_000008ac6b12,13.25
2026-03-27T10:01:08.756622,Temperature_1_000008abfdaf,11.875
2026-03-27T10:01:08.982838,Temperature_2_000008ae137d,11.5
2026-03-27T10:01:09.395119,Temperature_3_000008ac6b12,13.25
2026-03-27T10:01:10.835157,Temperature_1_000008abfdaf,11.875
2026-03-27T10:01:11.062879,Temperature_2_000008ae137d,11.5
2026-03-27T10:01:11.475136,Temperature_3_000008ac6b12,13.25
2026-03-27T10:01:12.915059,Temperature_1_000008abfdaf,11.875
2026-03-27T10:01:13.142971,Temperature_2_000008ae137d,11.5
2026-03-27T10:01:13.586661,Temperature_3_000008ac6b12,13.25
2026-03-27T10:01:15.026659,Temperature_1_000008abfdaf,11.875
2026-03-27T10:01:15.254671,Temperature_2_000008ae137d,11.5
2026-03-27T10:01:15.698602,Temperature_3_000008ac6b12,13.25
2026-03-27T10:01:17.138782,Temperature_1_000008abfdaf,11.875
2026-03-27T10:01:17.368736,Temperature_2_000008ae137d,11.5
2026-03-27T10:01:17.778637,Temperature_3_000008ac6b12,13.25
2026-03-27T10:01:19.219047,Temperature_1_000008abfdaf,11.875
2026-03-27T10:01:19.447028,Temperature_2_000008ae137d,11.5
2026-03-27T10:01:19.878989,Temperature_3_000008ac6b12,13.25
2026-03-27T10:01:21.299038,Temperature_1_000008abfdaf,11.875
2026-03-27T10:01:21.526839,Temperature_2_000008ae137d,11.5
2026-03-27T10:01:21.959056,Temperature_3_000008ac6b12,13.25
2026-03-27T10:01:23.379062,Temperature_1_000008abfdaf,11.875
2026-03-27T10:01:23.606822,Temperature_2_000008ae137d,11.5
2026-03-27T10:01:24.022776,Temperature_3_000008ac6b12,13.25
2026-03-27T10:01:25.474592,Temperature_1_000008abfdaf,11.875
2026-03-27T10:01:25.706617,Temperature_2_000008ae137d,11.5
2026-03-27T10:01:26.130599,Temperature_3_000008ac6b12,13.25
2026-03-27T10:01:27.570596,Temperature_1_000008abfdaf,11.875
2026-03-27T10:01:27.798766,Temperature_2_000008ae137d,11.5
2026-03-27T10:01:28.242850,Temperature_3_000008ac6b12,13.25
2026-03-27T10:01:29.690949,Temperature_1_000008abfdaf,11.875
2026-03-27T10:01:29.922881,Temperature_2_000008ae137d,11.5
2026-03-27T10:01:30.394812,Temperature_3_000008ac6b12,13.25
2026-03-27T10:01:31.827142,Temperature_1_000008abfdaf,11.875
2026-03-27T10:01:32.054903,Temperature_2_000008ae137d,11.5
2026-03-27T10:01:32.486820,Temperature_3_000008ac6b12,13.25
2026-03-27T10:01:33.906587,Temperature_1_000008abfdaf,11.875
2026-03-27T10:01:34.134598,Temperature_2_000008ae137d,11.5
2026-03-27T10:01:34.566603,Temperature_3_000008ac6b12,13.25
2026-03-27T10:01:35.986593,Temperature_1_000008abfdaf,11.875
2026-03-27T10:01:36.214598,Temperature_2_000008ae137d,11.5
2026-03-27T10:01:36.626644,Temperature_3_000008ac6b12,13.25
2026-03-27T10:01:38.067188,Temperature_1_000008abfdaf,11.875
2026-03-27T10:01:38.294890,Temperature_2_000008ae137d,11.5
2026-03-27T10:01:38.707388,Temperature_3_000008ac6b12,13.25
2026-03-27T10:01:40.147050,Temperature_1_000008abfdaf,11.875
2026-03-27T10:01:40.378654,Temperature_2_000008ae137d,11.5
2026-03-27T10:01:40.818602,Temperature_3_000008ac6b12,13.25
2026-03-27T10:01:42.258594,Temperature_1_000008abfdaf,11.875
2026-03-27T10:01:42.486603,Temperature_2_000008ae137d,11.5
2026-03-27T10:01:42.898612,Temperature_3_000008ac6b12,13.25
2026-03-27T10:01:44.338586,Temperature_1_000008abfdaf,11.875
2026-03-27T10:01:44.610775,Temperature_2_000008ae137d,11.5
2026-03-27T10:01:45.042593,Temperature_3_000008ac6b12,13.25
2026-03-27T10:01:46.483096,Temperature_1_000008abfdaf,11.875
2026-03-27T10:01:46.710869,Temperature_2_000008ae137d,11.5
2026-03-27T10:01:47.142986,Temperature_3_000008ac6b12,13.25
2026-03-27T10:01:48.562590,Temperature_1_000008abfdaf,11.875
2026-03-27T10:01:48.794660,Temperature_2_000008ae137d,11.5
2026-03-27T10:01:49.234594,Temperature_3_000008ac6b12,13.25
2026-03-27T10:01:50.674650,Temperature_1_000008abfdaf,11.875
2026-03-27T10:01:50.902593,Temperature_2_000008ae137d,11.5
2026-03-27T10:01:51.322591,Temperature_3_000008ac6b12,13.25
2026-03-27T10:01:52.755392,Temperature_1_000008abfdaf,11.875
2026-03-27T10:01:52.986624,Temperature_2_000008ae137d,11.5
2026-03-27T10:01:53.426694,Temperature_3_000008ac6b12,13.25
2026-03-27T10:01:54.914965,Temperature_1_000008abfdaf,11.875
2026-03-27T10:01:55.167009,Temperature_2_000008ae137d,11.5
2026-03-27T10:01:55.646714,Temperature_3_000008ac6b12,13.25
2026-03-27T10:01:57.750852,Temperature_1_000008abfdaf,11.875
2026-03-27T10:01:57.978652,Temperature_2_000008ae137d,11.5
2026-03-27T10:01:58.419121,Temperature_3_000008ac6b12,13.25
2026-03-27T10:01:59.863350,Temperature_1_000008abfdaf,11.875
2026-03-27T10:02:00.094666,Temperature_2_000008ae137d,11.5
2026-03-27T10:02:00.534777,Temperature_3_000008ac6b12,13.25
2026-03-27T10:02:02.010748,Temperature_1_000008abfdaf,11.875
2026-03-27T10:02:02.238715,Temperature_2_000008ae137d,11.5
2026-03-27T10:02:02.678681,Temperature_3_000008ac6b12,13.25
2026-03-27T10:02:04.204710,Temperature_1_000008abfdaf,11.875
2026-03-27T10:02:04.439038,Temperature_2_000008ae137d,11.5
2026-03-27T10:02:04.902963,Temperature_3_000008ac6b12,13.25
2026-03-27T10:02:06.327450,Temperature_1_000008abfdaf,11.875
2026-03-27T10:02:07.076251,Temperature_2_000008ae137d,11.5
2026-03-27T10:02:07.507344,Temperature_3_000008ac6b12,13.25
2026-03-27T10:02:08.946605,Temperature_1_000008abfdaf,11.875
2026-03-27T10:02:09.174621,Temperature_2_000008ae137d,11.5
2026-03-27T10:02:09.587023,Temperature_3_000008ac6b12,13.25
2026-03-27T10:02:11.026630,Temperature_1_000008abfdaf,11.875
2026-03-27T10:02:11.254589,Temperature_2_000008ae137d,11.5
2026-03-27T10:02:11.666649,Temperature_3_000008ac6b12,13.25
2026-03-27T10:02:13.108012,Temperature_1_000008abfdaf,11.875
2026-03-27T10:02:13.334689,Temperature_2_000008ae137d,11.5
2026-03-27T10:02:13.754729,Temperature_3_000008ac6b12,13.25
2026-03-27T10:02:15.187957,Temperature_1_000008abfdaf,11.875
2026-03-27T10:02:15.414976,Temperature_2_000008ae137d,11.5
2026-03-27T10:02:15.854948,Temperature_3_000008ac6b12,13.25
2026-03-27T10:02:17.327064,Temperature_1_000008abfdaf,11.875
2026-03-27T10:02:18.132345,Temperature_2_000008ae137d,11.5
2026-03-27T10:02:18.659502,Temperature_3_000008ac6b12,13.25
2026-03-27T10:02:20.136235,Temperature_1_000008abfdaf,11.875
2026-03-27T10:02:20.784364,Temperature_2_000008ae137d,11.5
2026-03-27T10:02:21.841027,Temperature_3_000008ac6b12,13.25
2026-03-27T10:02:23.263108,Temperature_1_000008abfdaf,11.875
2026-03-27T10:02:23.530829,Temperature_2_000008ae137d,11.5
2026-03-27T10:02:23.958938,Temperature_3_000008ac6b12,13.25
2026-03-27T10:02:25.401483,Temperature_1_000008abfdaf,11.875
2026-03-27T10:02:25.676094,Temperature_2_000008ae137d,11.5
2026-03-27T10:02:26.147594,Temperature_3_000008ac6b12,13.25
2026-03-27T10:02:27.574603,Temperature_1_000008abfdaf,11.875
2026-03-27T10:02:27.803116,Temperature_2_000008ae137d,11.5
2026-03-27T10:02:28.243149,Temperature_3_000008ac6b12,13.25
2026-03-27T10:02:29.709749,Temperature_1_000008abfdaf,11.875
2026-03-27T10:02:30.386271,Temperature_2_000008ae137d,11.5
2026-03-27T10:02:30.836955,Temperature_3_000008ac6b12,13.25
2026-03-27T10:02:32.278878,Temperature_1_000008abfdaf,11.875
2026-03-27T10:02:32.514695,Temperature_2_000008ae137d,11.5
2026-03-27T10:02:32.946789,Temperature_3_000008ac6b12,13.25
2026-03-27T10:02:34.390819,Temperature_1_000008abfdaf,11.875
2026-03-27T10:02:34.618830,Temperature_2_000008ae137d,11.5
2026-03-27T10:02:35.058803,Temperature_3_000008ac6b12,13.25
2026-03-27T10:02:36.498621,Temperature_1_000008abfdaf,11.875
2026-03-27T10:02:36.726677,Temperature_2_000008ae137d,11.5
2026-03-27T10:02:37.140768,Temperature_3_000008ac6b12,13.25
2026-03-27T10:02:38.578992,Temperature_1_000008abfdaf,11.875
2026-03-27T10:02:38.806746,Temperature_2_000008ae137d,11.5
2026-03-27T10:02:39.218849,Temperature_3_000008ac6b12,13.25
2026-03-27T10:02:40.658601,Temperature_1_000008abfdaf,11.875
2026-03-27T10:02:40.886603,Temperature_2_000008ae137d,11.5
2026-03-27T10:02:41.298649,Temperature_3_000008ac6b12,13.25
2026-03-27T10:02:42.738650,Temperature_1_000008abfdaf,11.875
2026-03-27T10:02:42.986882,Temperature_2_000008ae137d,11.5
2026-03-27T10:02:43.410607,Temperature_3_000008ac6b12,13.25
2026-03-27T10:02:44.850660,Temperature_1_000008abfdaf,11.875
2026-03-27T10:02:45.082596,Temperature_2_000008ae137d,11.5
2026-03-27T10:02:45.522613,Temperature_3_000008ac6b12,13.25
2026-03-27T10:02:46.962675,Temperature_1_000008abfdaf,11.875
2026-03-27T10:02:47.191812,Temperature_2_000008ae137d,11.5
2026-03-27T10:02:47.634664,Temperature_3_000008ac6b12,13.25
2026-03-27T10:02:49.094614,Temperature_1_000008abfdaf,11.875
2026-03-27T10:02:49.326612,Temperature_2_000008ae137d,11.5
2026-03-27T10:02:49.746838,Temperature_3_000008ac6b12,13.25
2026-03-27T10:02:51.186598,Temperature_1_000008abfdaf,11.875
2026-03-27T10:02:51.414744,Temperature_2_000008ae137d,11.5
2026-03-27T10:02:51.826608,Temperature_3_000008ac6b12,13.25
2026-03-27T10:02:53.266594,Temperature_1_000008abfdaf,11.875
2026-03-27T10:02:53.494790,Temperature_2_000008ae137d,11.5
2026-03-27T10:02:53.906632,Temperature_3_000008ac6b12,13.25
2026-03-27T10:02:55.347064,Temperature_1_000008abfdaf,11.875
2026-03-27T10:02:55.575120,Temperature_2_000008ae137d,11.5
2026-03-27T10:02:56.007022,Temperature_3_000008ac6b12,13.25
2026-03-27T10:02:57.426599,Temperature_1_000008abfdaf,11.875
2026-03-27T10:02:57.654608,Temperature_2_000008ae137d,11.5
2026-03-27T10:02:58.066902,Temperature_3_000008ac6b12,13.25
2026-03-27T10:02:59.514721,Temperature_1_000008abfdaf,11.875
2026-03-27T10:02:59.744342,Temperature_2_000008ae137d,11.5
2026-03-27T10:03:00.183029,Temperature_3_000008ac6b12,13.25
2026-03-27T10:03:01.619037,Temperature_1_000008abfdaf,11.875
2026-03-27T10:03:01.850641,Temperature_2_000008ae137d,11.5
2026-03-27T10:03:02.292696,Temperature_3_000008ac6b12,13.25
2026-03-27T10:03:03.734603,Temperature_1_000008abfdaf,11.875
2026-03-27T10:03:03.983204,Temperature_2_000008ae137d,11.5
2026-03-27T10:03:04.402952,Temperature_3_000008ac6b12,13.25
2026-03-27T10:03:05.842766,Temperature_1_000008abfdaf,11.875
2026-03-27T10:03:06.070851,Temperature_2_000008ae137d,11.5
2026-03-27T10:03:06.514666,Temperature_3_000008ac6b12,13.25
2026-03-27T10:03:07.955455,Temperature_1_000008abfdaf,11.875
2026-03-27T10:03:08.202751,Temperature_2_000008ae137d,11.5
2026-03-27T10:03:08.646792,Temperature_3_000008ac6b12,13.25
2026-03-27T10:03:10.731167,Temperature_1_000008abfdaf,11.875
2026-03-27T10:03:10.969511,Temperature_2_000008ae137d,11.5
2026-03-27T10:03:11.434973,Temperature_3_000008ac6b12,13.25
2026-03-27T10:03:12.850957,Temperature_1_000008abfdaf,11.875
2026-03-27T10:03:13.078639,Temperature_2_000008ae137d,11.5
2026-03-27T10:03:13.523164,Temperature_3_000008ac6b12,13.25
2026-03-27T10:03:14.962666,Temperature_1_000008abfdaf,11.875
2026-03-27T10:03:15.190704,Temperature_2_000008ae137d,11.5
2026-03-27T10:03:15.634644,Temperature_3_000008ac6b12,13.25
2026-03-27T10:03:17.080841,Temperature_1_000008abfdaf,11.875
2026-03-27T10:03:17.346979,Temperature_2_000008ae137d,11.5
2026-03-27T10:03:17.799591,Temperature_3_000008ac6b12,13.25
2026-03-27T10:03:19.219389,Temperature_1_000008abfdaf,11.875
2026-03-27T10:03:19.467167,Temperature_2_000008ae137d,11.5
2026-03-27T10:03:19.891198,Temperature_3_000008ac6b12,13.25
2026-03-27T10:03:21.330704,Temperature_1_000008abfdaf,11.875
2026-03-27T10:03:21.558731,Temperature_2_000008ae137d,11.5
2026-03-27T10:03:21.970628,Temperature_3_000008ac6b12,13.25
2026-03-27T10:03:23.411770,Temperature_1_000008abfdaf,11.875
2026-03-27T10:03:23.638865,Temperature_2_000008ae137d,11.5
2026-03-27T10:03:24.050673,Temperature_3_000008ac6b12,13.25
2026-03-27T10:03:25.512576,Temperature_1_000008abfdaf,11.875
2026-03-27T10:03:25.758652,Temperature_2_000008ae137d,11.5
2026-03-27T10:03:26.214892,Temperature_3_000008ac6b12,13.25
2026-03-27T10:03:27.635232,Temperature_1_000008abfdaf,11.875
2026-03-27T10:03:27.919964,Temperature_2_000008ae137d,11.5
2026-03-27T10:03:28.358619,Temperature_3_000008ac6b12,13.25
2026-03-27T10:03:29.778594,Temperature_1_000008abfdaf,11.875
2026-03-27T10:03:30.006587,Temperature_2_000008ae137d,11.5
2026-03-27T10:03:30.418628,Temperature_3_000008ac6b12,13.25
2026-03-27T10:03:31.858618,Temperature_1_000008abfdaf,11.875
2026-03-27T10:03:32.086741,Temperature_2_000008ae137d,11.5
2026-03-27T10:03:32.502819,Temperature_3_000008ac6b12,13.25
2026-03-27T10:03:33.938668,Temperature_1_000008abfdaf,11.875
2026-03-27T10:03:34.166811,Temperature_2_000008ae137d,11.5
2026-03-27T10:03:34.582073,Temperature_3_000008ac6b12,13.25
2026-03-27T10:03:36.018670,Temperature_1_000008abfdaf,11.875
2026-03-27T10:03:36.251112,Temperature_2_000008ae137d,11.5
2026-03-27T10:03:36.692070,Temperature_3_000008ac6b12,13.25
2026-03-27T10:03:38.224573,Temperature_1_000008abfdaf,11.875
2026-03-27T10:03:38.554419,Temperature_2_000008ae137d,11.5
2026-03-27T10:03:39.056856,Temperature_3_000008ac6b12,13.25
2026-03-27T10:03:40.502683,Temperature_1_000008abfdaf,11.875
2026-03-27T10:03:40.782417,Temperature_2_000008ae137d,11.5
2026-03-27T10:03:41.205191,Temperature_3_000008ac6b12,13.25
2026-03-27T10:03:42.643570,Temperature_1_000008abfdaf,11.875
2026-03-27T10:03:42.891148,Temperature_2_000008ae137d,11.5
2026-03-27T10:03:43.317387,Temperature_3_000008ac6b12,13.25
2026-03-27T10:03:44.794865,Temperature_1_000008abfdaf,11.875
2026-03-27T10:03:45.067203,Temperature_2_000008ae137d,11.5
2026-03-27T10:03:45.491128,Temperature_3_000008ac6b12,13.25
2026-03-27T10:03:46.972808,Temperature_1_000008abfdaf,11.875
2026-03-27T10:03:47.202702,Temperature_2_000008ae137d,11.5
2026-03-27T10:03:47.634600,Temperature_3_000008ac6b12,13.25
2026-03-27T10:03:49.099692,Temperature_1_000008abfdaf,11.875
2026-03-27T10:03:49.330811,Temperature_2_000008ae137d,11.5
2026-03-27T10:03:49.803801,Temperature_3_000008ac6b12,13.25
2026-03-27T10:03:51.219070,Temperature_1_000008abfdaf,11.875
2026-03-27T10:03:51.466769,Temperature_2_000008ae137d,11.5
2026-03-27T10:03:51.910723,Temperature_3_000008ac6b12,13.25
2026-03-27T10:03:53.330600,Temperature_1_000008abfdaf,11.875
2026-03-27T10:03:53.558589,Temperature_2_000008ae137d,11.5
2026-03-27T10:03:53.994890,Temperature_3_000008ac6b12,13.25
2026-03-27T10:03:56.053087,Temperature_1_000008abfdaf,11.875
2026-03-27T10:03:56.349820,Temperature_2_000008ae137d,11.5
2026-03-27T10:03:56.878400,Temperature_3_000008ac6b12,13.25
2026-03-27T10:03:58.296767,Temperature_1_000008abfdaf,11.875
2026-03-27T10:03:58.546647,Temperature_2_000008ae137d,11.5
